Designator,Val,Package,Mid X,Mid Y,Rotation,Layer
BT1,CR2032,Battery_holder_CR2032_SMD,115.0,-100.0,0.0,top
C1,10n,C_0402_1005Metric,250.25,-88.25,-90.0,top
C10,10u,C_0603_1608Metric,235.0,-110.2,-90.0,top
C11,10u,C_0603_1608Metric,230.0,-112.45,-90.0,top
C12,100n,C_0402_1005Metric,237.4,-111.5,90.0,top
C13,10u,C_0603_1608Metric,231.75,-112.45,-90.0,top
C14,12.5p,C_0402_1005Metric,211.75,-104.25,-90.0,top
C15,4.7u,C_0603_1608Metric,213.25,-101.5,-90.0,top
C16,1u,C_0402_1005Metric,209.45,-101.25,-90.0,top
C17,100n,C_0402_1005Metric,211.5,-97.25,90.0,top
C18,100n,C_0402_1005Metric,208.75,-99.5,0.0,top
C19,12.5p,C_0402_1005Metric,207.75,-104.25,-90.0,top
C2,100n,C_0402_1005Metric,221.5,-81.5,0.0,top
C20,100n,C_0402_1005Metric,208.25,-101.25,-90.0,top
C21,100n,C_0402_1005Metric,175.25,-97.2,90.0,top
C22,100n,C_0402_1005Metric,155.25,-97.2,90.0,top
C23,100n,C_0402_1005Metric,135.25,-97.2,90.0,top
C24,100n,C_0402_1005Metric,100.0,-99.5,90.0,top
C25,10n,C_0402_1005Metric,69.25,-91.5,180.0,top
C26,10n,C_0402_1005Metric,75.48,-91.505,180.0,top
C27,10n,C_0402_1005Metric,72.25,-114.25,180.0,top
C28,10n,C_0402_1005Metric,72.25,-91.5,180.0,top
C29,10n,C_0402_1005Metric,75.25,-114.25,180.0,top
C3,100n,C_0402_1005Metric,206.27,-86.0,0.0,top
C30,10n,C_0402_1005Metric,69.25,-114.25,180.0,top
C31,10n,C_0402_1005Metric,243.7,-117.4,-90.0,top
C32,10u,C_0603_1608Metric,225.0,-120.45,180.0,top
C33,100n,C_0402_1005Metric,236.0,-115.2,-90.0,top
C34,10n,C_0402_1005Metric,241.2,-117.4,-90.0,top
C35,10u,C_0603_1608Metric,221.75,-115.2,-90.0,top
C36,1u,C_0402_1005Metric,216.5,-115.0,-90.0,top
C37,10u,C_0603_1608Metric,192.0,-120.45,180.0,top
C38,1u,C_0402_1005Metric,214.0,-115.0,-90.0,top
C39,10u,C_0603_1608Metric,158.5,-120.45,180.0,top
C4,47pF,C_0402_1005Metric,248.5,-90.75,0.0,top
C40,10u,C_0603_1608Metric,125.0,-120.45,180.0,top
C41,10u,C_0603_1608Metric,91.5,-120.45,180.0,top
C42,10u,C_0603_1608Metric,58.0,-120.45,180.0,top
C5,100n,C_0402_1005Metric,250.75,-98.5,0.0,top
C6,100n,C_0402_1005Metric,219.93,-98.02,90.0,top
C7,100n,C_0402_1005Metric,234.25,-90.75,-90.0,top
C8,100n,C_0402_1005Metric,233.5,-110.2,-90.0,top
C9,1u,C_0402_1005Metric,240.0,-111.5,90.0,top
D1,ESDA6V1SC5,SOT-23-5,247.0,-111.0,0.0,top
D10,ESDALC6V1-1U2,ST ESDALC6V1-1U2,232.5,-105.25,0.0,top
D11,LED,LED_LiteON_LTST-C281KGKT,209.75,-112.75,0.0,top
D12,LED,LED_LiteON_LTST-C281KGKT,214.0,-90.5,180.0,top
D13,ESDALC6V1-1U2,ST ESDALC6V1-1U2,72.25,-112.5,180.0,top
D14,ESDALC6V1-1U2,ST ESDALC6V1-1U2,75.5,-90.005,180.0,top
D15,ESDALC6V1-1U2,ST ESDALC6V1-1U2,69.25,-112.5,180.0,top
D16,ESDALC6V1-1U2,ST ESDALC6V1-1U2,69.25,-90.0,180.0,top
D17,ESDALC6V1-1U2,ST ESDALC6V1-1U2,72.25,-90.0,180.0,top
D18,ESDALC6V1-1U2,ST ESDALC6V1-1U2,75.25,-112.5,180.0,top
D2,LED,LED_LiteON_LTST-C281KGKT,244.8,-106.0,180.0,top
D3,ESDALC6V1-1U2,ST ESDALC6V1-1U2,236.75,-105.25,180.0,top
D4,ESDALC6V1-1U2,ST ESDALC6V1-1U2,219.98,-102.12,90.0,top
D5,ESDALC6V1-1U2,ST ESDALC6V1-1U2,232.5,-94.75,0.0,top
D6,LED,LED_LiteON_LTST-C281KGKT,217.5,-108.7,0.0,top
D7,ESDALC6V1-1U2,ST ESDALC6V1-1U2,239.0,-105.25,0.0,top
D8,LED,LED_LiteON_LTST-C281KGKT,221.5,-90.5,180.0,top
D9,ESDALC6V1-1U2,ST ESDALC6V1-1U2,218.63,-98.02,-90.0,top
FB1,120R@100MHz,R_0402_1005Metric,211.15,-100.75,180.0,top
J2,USB_C_Receptacle,USB_C_Receptacle_Molex_105450-0101,255.5,-111.0,90.0,top
J3,Conn_ST_STDC14,ST STDC14,236.0,-100.0,-90.0,top
L1,27nH 5%,L_0402_1005Metric,250.25,-90.3,-90.0,top
Q1,DMN3008SFG,Diodes_PowerDI3333-8,226.925,-111.2,-90.0,top
Q2,DMN3008SFG,Diodes_PowerDI3333-8,222.0,-111.2,90.0,top
Q3,DMN3008SFG,Diodes_PowerDI3333-8,73.0,-100.0,180.0,top
R1,10R,R_0603_1608Metric,248.5,-88.25,-90.0,top
R10,10K,R_0402_1005Metric,73.25,-87.5,90.0,top
R11,10K,R_0402_1005Metric,68.75,-87.5,90.0,top
R12,5.1K,R_0402_1005Metric,242.75,-112.05,180.0,top
R13,330R,R_0402_1005Metric,247.25,-106.0,0.0,top
R14,10K,R_0402_1005Metric,250.75,-99.75,0.0,top
R15,150R,R_0402_1005Metric,250.75,-101.0,180.0,top
R16,5.1K,R_0402_1005Metric,242.75,-110.8,180.0,top
R17,150R,R_0402_1005Metric,224.0,-90.5,0.0,top
R18,150R,R_0402_1005Metric,216.5,-90.5,0.0,top
R19,10K,R_0402_1005Metric,218.73,-102.07,90.0,top
R2,5.1K,R_0402_1005Metric,221.5,-80.25,0.0,top
R20,5mR,R_0805_2012Metric,231.0,-109.2,180.0,top
R21,5.1K,R_0402_1005Metric,197.75,-89.25,-90.0,top
R22,150R,R_0402_1005Metric,209.75,-114.25,0.0,top
R23,330R,R_0402_1005Metric,215.0,-108.75,180.0,top
R24,22R,R_0402_1005Metric,197.75,-107.0,180.0,top
R25,750R,R_0402_1005Metric,175.75,-95.45,180.0,top
R26,750R,R_0402_1005Metric,155.75,-95.45,180.0,top
R27,750R,R_0402_1005Metric,135.75,-95.5,180.0,top
R28,330R,R_0402_1005Metric,75.25,-95.5,0.0,top
R29,150R,R_0402_1005Metric,78.0,-100.575,180.0,top
R3,5.1K,R_0402_1005Metric,215.0,-80.25,180.0,top
R30,10K,R_0402_1005Metric,68.75,-110.0,90.0,top
R31,10K,R_0402_1005Metric,73.25,-110.0,90.0,top
R32,10K,R_0402_1005Metric,78.0,-99.075,0.0,top
R33,330R,R_0402_1005Metric,77.75,-95.5,0.0,top
R34,10K,R_0402_1005Metric,70.25,-110.0,-90.0,top
R35,10K,R_0402_1005Metric,76.25,-110.0,90.0,top
R36,10K,R_0402_1005Metric,74.75,-110.0,90.0,top
R37,330R,R_0402_1005Metric,80.0,-95.5,0.0,top
R38,10K,R_0402_1005Metric,71.75,-110.0,90.0,top
R39,39K,R_0402_1005Metric,244.95,-117.4,-90.0,top
R4,5.1K,R_0402_1005Metric,197.25,-86.0,180.0,top
R40,100K,R_0402_1005Metric,242.45,-117.4,-90.0,top
R41,5.1K,R_0402_1005Metric,227.545787,-116.0,180.0,top
R5,5.1K,R_0402_1005Metric,206.25,-87.5,0.0,top
R6,10K,R_0402_1005Metric,76.25,-87.5,90.0,top
R7,10K,R_0402_1005Metric,70.25,-87.5,-90.0,top
R8,10K,R_0402_1005Metric,71.75,-87.5,90.0,top
R9,10K,R_0402_1005Metric,74.75,-87.5,90.0,top
SW2,B3U-1000P,SW_SPST_B3U-1000P,223.48,-102.5,0.0,top
SW3,B3U-1000P,SW_SPST_B3U-1000P,223.48,-97.5,0.0,top
U2,HDC1080,Texas_PWSON-N6,218.25,-81.5,0.0,top
U3,W25Q32JVZP,WSON-8-1EP_6x5mm_P1.27mm_EP3.4x4.3mm,201.75,-88.0,0.0,top
U4,STM32G0B0CET6,LQFP-48_7x7mm_P0.5mm,202.0,-100.0,180.0,top
U5,AP2127K-3.3,SOT-23-5,215.25,-111.7,180.0,top
U6,TLC5926,HTSSOP-24-1EP_4.4x7.8mm_P0.65mm_EP3.2x5mm,180.0,-100.0,90.0,top
U7,TLC5926,HTSSOP-24-1EP_4.4x7.8mm_P0.65mm_EP3.2x5mm,140.0,-100.0,90.0,top
U8,TLC5926,HTSSOP-24-1EP_4.4x7.8mm_P0.65mm_EP3.2x5mm,160.0,-100.0,90.0,top
U9,AP33771C,W-DFN3030-14 (Type A1) Diodes,238.75,-114.5,-90.0,top
Y1,ECS-TXO-2520MV,ECS_TXO-2520MV,209.25,-97.25,180.0,top
Y2,Q13MC14620002,Crystal_SMD_SeikoEpson_MC146-4Pin_6.7x1.5mm,209.75,-107.0,-90.0,top
